experiment,model,format,size,linear_r2_mean,linear_r2_std,pca_r2_mean,pca_r2_std,pca_var_comp_1_mean,pca_var_comp_1_std,pca_cumulative_var_5_mean,pca_cumulative_var_5_std
format_size_sweep_kfold,voyage-3-large,standard,1,1.0,0.0,0.7759229110273557,0.017099765551906163,0.46371871670140363,0.0036267646095555247,0.8225135971040285,0.0010255803524883448
format_size_sweep_kfold,voyage-3-large,standard,2,0.9972191505890706,0.0013425341392461693,0.7624152359472632,0.014157064276537325,0.38720426779958783,0.0027649669819031944,0.6486832995877835,0.0015657239815567003
format_size_sweep_kfold,voyage-3-large,standard,3,0.9704253232278999,0.008791104935472745,0.738463145718336,0.040662335131826176,0.3888154656929968,0.0035207670181869495,0.6017934809430894,0.0023367852966253004
format_size_sweep_kfold,voyage-3-large,standard,4,0.9371922357778562,0.025663897536217582,0.7492023425472878,0.03505695058531492,0.36374557450239997,0.005330049103949388,0.5907128120712833,0.0034502682699851252
format_size_sweep_kfold,voyage-3-large,standard,5,0.9566356202145538,0.005404095550045798,0.7505920021248965,0.010011458940929354,0.44861429494530547,0.0028673914421763215,0.629782752942405,0.0026224811333102026
format_size_sweep_kfold,voyage-3-large,standard,6,0.9340876959638795,0.012936579115245445,0.7286407274537835,0.03715336623764827,0.47076510610526967,0.0036968847314218837,0.6184030504039474,0.003878589547581345
format_size_sweep_kfold,voyage-3-large,standard,7,0.9154409580453151,0.00848840105587191,0.7191864526488232,0.03483295437235543,0.507304653168929,0.0012849886055669103,0.6480709054722285,0.001300168568757575
format_size_sweep_kfold,voyage-3-large,standard,8,0.9165372014095986,0.02324373365460762,0.7260422271101614,0.02218179667195334,0.5032586327122014,0.0035207136299353504,0.6534820652358696,0.002795312057587643
format_size_sweep_kfold,voyage-3-large,standard,9,0.9185362427483884,0.007010034732325287,0.7465859437724166,0.014803050097821973,0.5226218941839107,0.003935468082565841,0.6689764164900034,0.0028034723175399388
format_size_sweep_kfold,voyage-3-large,standard,10,0.9376549913929406,0.008344050008862765,0.7317162604195244,0.014403440245640622,0.5208255170862672,0.002099928262703582,0.6841779805364332,0.00099789974386573
format_size_sweep_kfold,voyage-3-large,standard,11,0.8769785378010375,0.008587526882873054,0.7396770035306216,0.02556684218576616,0.5348396618124183,0.004461967965947314,0.6982464823130712,0.0028044570539340107
format_size_sweep_kfold,voyage-3-large,standard,12,0.8593273280763984,0.026544439356121934,0.7560642334749451,0.024296639731899442,0.5353419395613117,0.002667707449012395,0.708498918512665,0.001780080629543837
format_size_sweep_kfold,voyage-3-large,standard,13,0.8003248253957992,0.028493528619845453,0.7386771769691378,0.028193721653402563,0.5089467408103838,0.006978506368771632,0.7038445600034541,0.0039771602906126
format_size_sweep_kfold,voyage-3-large,standard,14,0.861413305276775,0.03763395566217732,0.7459186404973412,0.02852591659624184,0.5201038746844902,0.005786843468624909,0.7042137497077615,0.0015901386018838128
format_size_sweep_kfold,voyage-3-large,standard,15,0.8199797658307654,0.03198513493482784,0.7119750179578415,0.03258281007560145,0.5448860411200134,0.006906893182759584,0.7144862736581387,0.0031184138892838367
format_size_sweep_kfold,voyage-3-large,standard,16,0.859289838362393,0.01645365140681995,0.746739183949777,0.02350706689549917,0.5839934515009818,0.0028851707187520035,0.726031039187235,0.0010514217996316912
format_size_sweep_kfold,voyage-3-large,standard,17,0.8255910946780789,0.04861190215835298,0.7290770999685486,0.018871914125881243,0.5829793098754961,0.002313011330696587,0.7323044833968158,0.0019973667797489147
format_size_sweep_kfold,voyage-3-large,standard,18,0.8398188918544289,0.040907851843041604,0.7455016045765015,0.03108092157488622,0.5845511537999548,0.006371239248116552,0.7362965360234004,0.003402754996056643
format_size_sweep_kfold,voyage-3-large,standard,19,0.8889837820515739,0.013478189849862264,0.7182681761839272,0.022569120660720976,0.5728475097512976,0.005170404122192781,0.7324410599701621,0.003324575443405789
format_size_sweep_kfold,voyage-3-large,standard,20,0.8685235053665841,0.020451254938533905,0.7290070743940698,0.02556072699442977,0.5763089884141088,0.007935056411552144,0.7317916277707398,0.002124266188166342
format_size_sweep_kfold,voyage-3-large,scientific_3sf,1,1.0,0.0,0.779962516598115,0.017844763352665778,0.3854167887684161,0.0028484388299184257,0.7579405019568302,0.002651892328539478
format_size_sweep_kfold,voyage-3-large,scientific_3sf,2,0.9949235379681317,0.003382907806256034,0.788631245226196,0.013696389859125616,0.40031098783347696,0.0038541981940028664,0.6843425434358726,0.0035789136372435153
format_size_sweep_kfold,voyage-3-large,scientific_3sf,3,0.9740122398049686,0.009814905479536765,0.76445386339912,0.02996188140090989,0.4816801008382745,0.008116759955816346,0.6975137960470856,0.0038045616312360896
format_size_sweep_kfold,voyage-3-large,scientific_3sf,4,0.9707255285614599,0.018448073478096304,0.7497487897729449,0.034910496870063874,0.50940839069525,0.005307482297313499,0.7260478474953321,0.0027452137948843864
format_size_sweep_kfold,voyage-3-large,scientific_3sf,5,0.9851626320900116,0.0025617716337653913,0.7541010196741728,0.010591605693506635,0.5556877516677845,0.002479914649044288,0.7427187096169338,0.0009872052569200773
format_size_sweep_kfold,voyage-3-large,scientific_3sf,6,0.9809067265648466,0.006052796066423251,0.7354297128432564,0.03552073983083437,0.5658291107665163,0.002683629332394684,0.7427668992641375,0.0025886479762794665
format_size_sweep_kfold,voyage-3-large,scientific_3sf,7,0.973927708343524,0.013881114756439177,0.7336762196028295,0.03494922928822274,0.5816830420604304,0.004421404605043546,0.7547397273347249,0.0032341296980111294
format_size_sweep_kfold,voyage-3-large,scientific_3sf,8,0.9707602379106983,0.013930490160889744,0.7401896270431167,0.017699422726370345,0.6067567572677744,0.002460486579780261,0.7571802307954398,0.002758288085574241
format_size_sweep_kfold,voyage-3-large,scientific_3sf,9,0.9718311637888247,0.011914600697648447,0.7397402760160426,0.008835599040776698,0.6202298314257801,0.005297559713418521,0.7613957173439072,0.004943047091995224
format_size_sweep_kfold,voyage-3-large,scientific_3sf,10,0.9601444109861426,0.03713364201912068,0.7084649777956828,0.03584536794583023,0.5708336249547753,0.0016308814590281914,0.7293977297061395,0.0018522452457187424
format_size_sweep_kfold,voyage-3-large,scientific_3sf,11,0.9684250696048377,0.006958705075376187,0.712255103900139,0.03077413133287913,0.5876893616883632,0.0033835891191383066,0.7343095999899317,0.0019238922345758706
format_size_sweep_kfold,voyage-3-large,scientific_3sf,12,0.964594786238632,0.008932548455123866,0.7406423598354301,0.02330953977082937,0.6140832516019468,0.0032155979195779985,0.7514249344397619,0.0032603699644012125
format_size_sweep_kfold,voyage-3-large,scientific_3sf,13,0.9631560548090075,0.009191229980020867,0.7394226421919126,0.02820838935363583,0.6002955552305947,0.0022153042918285066,0.7423955516539656,0.0028048379980706467
format_size_sweep_kfold,voyage-3-large,scientific_3sf,14,0.9615451970439814,0.022247892826664842,0.7480877062655583,0.029972757797219092,0.6282679948526193,0.004141214771625165,0.753896809163906,0.003684774641645545
format_size_sweep_kfold,voyage-3-large,scientific_3sf,15,0.9553964823801661,0.014783628202139269,0.7207844555305382,0.03409856714604887,0.6417335275512652,0.0019488956081936105,0.766322664971266,0.002734320477574303
format_size_sweep_kfold,voyage-3-large,scientific_3sf,16,0.9562889894773315,0.02668239155858909,0.7630399759503529,0.019317077471983347,0.630293517894984,0.0019766976135391443,0.7616460034979816,0.0030967935411165175
format_size_sweep_kfold,voyage-3-large,scientific_3sf,17,0.9612760256672273,0.012517445781698795,0.735164532378196,0.018659265646062843,0.6759813886087337,0.0010537823148911362,0.785485106759144,0.0015590464904319168
format_size_sweep_kfold,voyage-3-large,scientific_3sf,18,0.9719963383725918,0.007869031686601337,0.7573862107820271,0.02812161331866986,0.6646830326852042,0.004565816835375128,0.7807097613060282,0.004193064278302047
format_size_sweep_kfold,voyage-3-large,scientific_3sf,19,0.9610246821730393,0.01810021711165287,0.7296066969346653,0.02621948330105294,0.638780660725244,0.003847291920212721,0.7654770540410881,0.0016635589319928107
format_size_sweep_kfold,voyage-3-large,scientific_3sf,20,0.9690593486389035,0.008222547732779587,0.7453799810237219,0.024489928867479627,0.6143765745166292,0.0027337816006510205,0.7675025806253474,0.004044602271867095
format_size_sweep_kfold,voyage-3-large,rounded_3sf,1,1.0,0.0,0.7759229110273557,0.017099765551906163,0.46371871670140363,0.0036267646095555247,0.8225135971040285,0.0010255803524883448
format_size_sweep_kfold,voyage-3-large,rounded_3sf,2,0.9972191505890706,0.0013425341392461693,0.7624152359472632,0.014157064276537325,0.38720426779958783,0.0027649669819031944,0.6486832995877835,0.0015657239815567003
format_size_sweep_kfold,voyage-3-large,rounded_3sf,3,0.9704253232278999,0.008791104935472745,0.738463145718336,0.040662335131826176,0.3888154656929968,0.0035207670181869495,0.6017934809430894,0.0023367852966253004
format_size_sweep_kfold,voyage-3-large,rounded_3sf,4,0.9505033901218741,0.013138452295007822,0.7416542154331414,0.03295326384326972,0.35424132420760224,0.0049379964496261124,0.5740465314351925,0.003746846309461675
format_size_sweep_kfold,voyage-3-large,rounded_3sf,5,0.968411809547695,0.005728116973915071,0.7398276647701384,0.014198822661112198,0.44012208069090875,0.003963289382285317,0.6484038856025356,0.002340848686771468
format_size_sweep_kfold,voyage-3-large,rounded_3sf,6,0.9337750125470506,0.08112212475956444,0.7152845519243698,0.04222606170810951,0.4613290742102967,0.004552684330283261,0.6507964664764332,0.004460714640430529
format_size_sweep_kfold,voyage-3-large,rounded_3sf,7,0.9339122547580738,0.02581191990995416,0.7053667992995071,0.0354210256596008,0.4708016038967483,0.002248177722992417,0.6588433893967357,0.001443723472938675
format_size_sweep_kfold,voyage-3-large,rounded_3sf,8,0.9379771519228542,0.024744350727778433,0.7181275417465389,0.02676833083482459,0.46606958754745487,0.002821838654752024,0.6714085226257824,0.003094392492708991
format_size_sweep_kfold,voyage-3-large,rounded_3sf,9,0.938981297728206,0.019162358533573533,0.7236472727915311,0.010225469247538872,0.47307297260189224,0.0040625574089443485,0.6548642803956868,0.0047854416683816405
format_size_sweep_kfold,voyage-3-large,rounded_3sf,10,0.9446068568816394,0.007242311442325713,0.6977434356416451,0.029856088305489255,0.4667401496468967,0.004495994536627454,0.6546025867928742,0.003053506443467617
format_size_sweep_kfold,voyage-3-large,rounded_3sf,11,0.9050500137241257,0.021861341762894077,0.703463290808698,0.03156278465804922,0.46885301426330833,0.0037174877335900934,0.6572380212578596,0.0012709938480385157
format_size_sweep_kfold,voyage-3-large,rounded_3sf,12,0.8721185453154512,0.015528167827555771,0.7300692654850481,0.027393888681576547,0.48612527433781344,0.0028359174979383957,0.6677899731558514,0.002935773583461869
format_size_sweep_kfold,voyage-3-large,rounded_3sf,13,0.7634449874372458,0.04138495564572033,0.7239843916953933,0.02950401844374479,0.4843886935438291,0.001280293706291297,0.6610861673352117,0.001169293910311311
format_size_sweep_kfold,voyage-3-large,rounded_3sf,14,0.7687786386509863,0.12740009308256584,0.736331494887315,0.029758759189083855,0.4879271942719824,0.00364526295413733,0.6646959515445128,0.004155539365548929
format_size_sweep_kfold,voyage-3-large,rounded_3sf,15,0.7618086159162208,0.09900763182596761,0.7017883635404566,0.03467274267062057,0.4819523675075083,0.002927607891500765,0.6687374393180132,0.00402122025047044
format_size_sweep_kfold,voyage-3-large,rounded_3sf,16,0.848652905375857,0.006311930092329549,0.7480130850628534,0.021996367565013313,0.4803179798434588,0.001536966746143569,0.6656244966657814,0.001644893132855382
format_size_sweep_kfold,voyage-3-large,rounded_3sf,17,0.6981980123884636,0.11327823700045442,0.7219231175571184,0.01966523011343627,0.4738989427644841,0.0027151880047708125,0.6540594735178238,0.003525709943409949
format_size_sweep_kfold,voyage-3-large,rounded_3sf,18,0.7660199470466438,0.07020139147173829,0.7477326870646512,0.02758555912572897,0.4799668563540635,0.002943565172169563,0.6619193342842464,0.004350711530484546
format_size_sweep_kfold,voyage-3-large,rounded_3sf,19,0.6924864062325271,0.09745964059355365,0.7181432029291204,0.025283918193757644,0.47604446608409196,0.0017908175970558103,0.6507792688267265,0.0011383237153440124
format_size_sweep_kfold,voyage-3-large,rounded_3sf,20,,,,,,,,
format_size_sweep_kfold,voyage-3-large,written_words,1,1.0,0.0,0.7832297477220271,0.01428780037993468,0.5234342916453418,0.004334290518067087,0.8363597874240947,0.0010461500553111183
format_size_sweep_kfold,voyage-3-large,written_words,2,0.997440501819438,0.0027376293655025368,0.7620760803381479,0.016559816101719856,0.4356826502974135,0.003933981310775799,0.69392478281495,0.003134842872734449
format_size_sweep_kfold,voyage-3-large,written_words,3,0.9871258259642717,0.008841414190646343,0.7399878333405966,0.03407943579028358,0.41210055054439254,0.005652265781183758,0.6577978923115075,0.0021657934557913414
format_size_sweep_kfold,voyage-3-large,written_words,4,0.986140456677678,0.0055443657662136055,0.7384190593100541,0.03668701365805202,0.42783404004795733,0.0036955427201081498,0.6540059998318194,0.0035197075468769556
format_size_sweep_kfold,voyage-3-large,written_words,5,0.979196560504833,0.004067710764778376,0.7562343412761051,0.003759989086688383,0.46358889383235996,0.002004106468360727,0.6701139029585477,0.002617921436166868
format_size_sweep_kfold,voyage-3-large,written_words,6,0.9580570072998494,0.015386164214251126,0.7221089678383665,0.03680150683770169,0.4414402154233198,0.0028730377440663022,0.6459975896680366,0.0026179742133360735
format_size_sweep_kfold,voyage-3-large,written_words,7,0.9743126948099263,0.005442113217878086,0.7005952731326384,0.036225475509548064,0.4213233481465288,0.000969422460755247,0.6695238035766272,0.0028417022672354002
format_size_sweep_kfold,voyage-3-large,written_words,8,0.9719144910326982,0.007574133378477526,0.7350261670857339,0.02133549423914234,0.4436118729396691,0.0029747926237326866,0.649871134332132,0.002747127588802778
format_size_sweep_kfold,voyage-3-large,written_words,9,0.9467724647307406,0.00975550187209626,0.7245401733781973,0.007704362031190155,0.4598450763236214,0.002659577902485748,0.6468000466675173,0.003330408955782093
format_size_sweep_kfold,voyage-3-large,written_words,10,0.9737603613082136,0.007754254034433941,0.6938072132490154,0.03031335598399655,0.5011715938263548,0.001729477060466916,0.6970845580526943,0.0017454228317839169
format_size_sweep_kfold,voyage-3-large,written_words,11,0.9670501607591084,0.007059423875810317,0.7240759109804529,0.02802782801524424,0.4825802037576583,0.001619332887853965,0.6613085410653742,0.0013698785461226804
format_size_sweep_kfold,voyage-3-large,written_words,12,0.9313976512874549,0.008413331553958224,0.7354978208848478,0.023116868485887142,0.5331161139065398,0.0018845862713862986,0.6860596988494777,0.002567312825388184
format_size_sweep_kfold,voyage-3-large,written_words,13,0.9593783926833357,0.0058283715499667455,0.7137950762577768,0.027671657600948845,0.5385684536372469,0.0011568135688747381,0.7176841694752428,0.0018596367935800702
format_size_sweep_kfold,voyage-3-large,written_words,14,0.9654368887143947,0.009878115237565346,0.744420941268532,0.029506767513523748,0.5193058103447931,0.0020641152600977797,0.6868394761869487,0.0015452004606088374
format_size_sweep_kfold,voyage-3-large,written_words,15,0.9281671588888468,0.013009828234800331,0.7146945819134393,0.038164039357421305,0.5753619894759088,0.0021342973993621556,0.7094172589447818,0.0014234318923332732
format_size_sweep_kfold,voyage-3-large,written_words,16,0.9748729826243705,0.0033979196561841982,0.7413186906332929,0.02406935898681918,0.5536112935544832,0.0007333975213252163,0.7401383463270423,0.00240507224649265
format_size_sweep_kfold,voyage-3-large,written_words,17,0.9613317209628132,0.008586334405221769,0.7345195519998418,0.022582902281391627,0.5195651201398288,0.0010107910870544975,0.6869602370370929,0.0011311825351888731
format_size_sweep_kfold,voyage-3-large,written_words,18,0.9383578025436725,0.015603101939600902,0.7533754065669674,0.03090755938105574,0.6037079417344213,0.0024543801316740535,0.7326440466597014,0.002896670342955785
format_size_sweep_kfold,voyage-3-large,written_words,19,0.972848372368113,0.002897238871871649,0.7234175762691731,0.02560649759434654,0.6459643242850885,0.0017789604650614447,0.7812860555397702,0.0017439143488460688
format_size_sweep_kfold,voyage-3-large,written_words,20,0.9663307342273522,0.011341278370051253,0.744210523524439,0.02477317487108628,0.5811947065428328,0.0018642449591050828,0.7243377205540016,0.0008906625698449811
